id,text,channel,date
1,"Cannot log in via Google Workspace SSO. Worked fine last week. Cleared cookies, no change.",in-app,2026-05-30
2,Why does software exist.,twitter,2026-05-31
3,"Cannot get into Helix via Okta. Tried password reset, also stuck. Reach me at (415) 555-0199.",email,2026-05-30
4,"Cancelling, going to v0 for prototyping. Helix doesn't read our stack well.",in-app,2026-05-31
5,Our Okta SSO logs in then bounces back to the login page. Whole team locked out of Helix this morning.,email,2026-05-31
6,"@helixai upgraded plan, billed twice within 2 minutes. Stripe receipts came back to back.",twitter,2026-05-30
7,Helix forgot the type definitions I gave it 4 messages ago. Now generating code against a schema I didn't define.,in-app,2026-05-31
8,`enum` in a tool parameter now triggers a validation error. Was fine until yesterday. This is a breaking change.,github,2026-05-31
9,Asked Helix to add Stripe checkout. It wrote `stripe.checkout.sessions.create_v3` — that endpoint isn't real.,github,2026-05-31
10,look at this [photo],twitter,2026-05-31
11,Helix logged my Anthropic key ANTHROPIC_API_KEY=sk-ant-api03-AbCdEfGhIjKlMnOpQrSt-XYZ in the chat. Should I rotate?,in-app,2026-05-30
12,Inline-comment AI mode where I @mention Helix on a PR.,github,2026-05-31
13,Native iPad app please. We've got designers who would use Composer for spec docs.,reddit,2026-05-31
14,Charged twice for the upgrade. Invoice URL: https://invoice.stripe.com/i/acct_xyz123. Please reverse the dup.,email,2026-05-31
15,"Today is just one of those days. The app is fine, I'm tired.",in-app,2026-05-31
16,Auto-reply: I'm at offsite all week with limited email access.,email,2026-05-31
17,SSO redirect loop has been going on for six hours. Any ETA? Paying customer here.,in-app,2026-05-31
18,Tool schema validation broke when you upgraded the underlying model. Anyone else seeing 400s on tool calls?,discord,2026-05-31
19,Pro plan was supposed to include 'unlimited reasonable use' but I'm getting throttled at $400/mo on solo work.,in-app,2026-05-30
20,Wanted to send a thank-you for the gift card. Lovely surprise.,email,2026-05-30
21,Whiteboard tool shows my cursor jitter when collaborating.,in-app,2026-05-31
22,Pasted my Stripe key sk_live_51HXXXAbCdEfGhIjKlMnOp into a debug message. Did this end up in your logs?,discord,2026-05-31
23,Just want to say the latest Composer update is great.,twitter,2026-05-30
24,Date picker in Safari doesn't show correct week numbers.,in-app,2026-05-29
25,Agent refused to write a SQL UPDATE for a column I admittedly own and operate. Lecture about 'best practices' instead.,discord,2026-05-29
26,Composer pushed a branch named main-2 to origin and then deleted my actual main branch. How is this allowed?,discord,2026-05-31
27,Asked sales about volume pricing twice — any timeline?,email,2026-05-31
28,This is an automated response. Your inquiry has been routed to billing.,email,2026-05-31
29,Posting here because no one is replying in support: pricing question — do you do annual prepay?,discord,2026-05-30
30,@helixai TTFT is brutal today. Around 12s for me on us-east. Is anyone else seeing this?,twitter,2026-06-01
31,Add a 'budget per task' setting so the agent stops when it hits the cap.,discord,2026-05-30
32,Marketing request: can someone change our org name in the workspace?,email,2026-05-30
33,"In Firefox, drag-and-drop reorders cards but the order resets on refresh.",in-app,2026-05-31
34,"Helix keeps generating `import { useServerAction } from 'next/navigation'` — that's not real, never has been.",github,2026-06-01
35,Education tier for a university? Who do I talk to?,email,2026-05-31
36,Where do I find my billing history?,in-app,2026-05-30
37,Where do I report a bug?,in-app,2026-05-31
38,Can I get a refund for the trial?,email,2026-05-31
39,Cannot see comments from deleted users in the activity log.,in-app,2026-05-31
40,How do I make a workspace template?,in-app,2026-05-31
41,How do I invite an external collaborator?,in-app,2026-05-30
42,Submitted via sales contact form: my account got billed twice last week. Help?,email,2026-05-31
43,Pasted images get re-encoded poorly and lose detail.,in-app,2026-05-30
44,Thanks for the quick response yesterday.,email,2026-05-30
45,Plugin SDK for our internal infra would let us actually scale this.,github,2026-05-31
46,Is there a way to pin a system prompt across sessions?,discord,2026-05-30
47,"Made up the entire prisma client method signature. Confidently. Three retries, three different hallucinated APIs.",in-app,2026-05-31
48,Trying to write a password reset flow. Agent keeps refusing 'for security reasons'. It's literally part of my own auth.,in-app,2026-05-28
49,Mondays.,twitter,2026-05-30
50,"Helix is worse at TypeScript inference than it was last Monday. Same files, same edits, more red squigglies.",discord,2026-05-31
51,Hit my $200 monthly cap in four hours debugging a single file. Helix went into a hallucination loop.,in-app,2026-05-30
52,Since last week's update my custom tool registrations 500 with 'unrecognized parameter `description_short`'. Was working.,github,2026-05-31
53,Billing double-charged for the seat add-on. Stripe receipts show identical line items.,in-app,2026-05-31
54,Color picker UX in custom fields is fiddly on touch screens.,in-app,2026-05-30
55,Got billed twice last week AND the agent deleted a folder. Need both fixed please.,email,2026-05-30
56,Helix used to follow my CLAUDE.md conventions. Now it ignores them. Was something rolled back?,discord,2026-05-31
57,What's the keyboard shortcut to start a new Composer session?,discord,2026-05-31
58,How do I rotate my refresh token?,discord,2026-05-30
59,Voice mode for Composer would be incredible. Cursor is doing this.,discord,2026-05-31
60,Composer started ignoring my existing types and inventing new ones today. Wasn't doing that last week.,discord,2026-06-01
61,Mailer-Daemon: delivery to support+notifications@helix.dev failed permanently.,email,2026-05-31
62,Tool-use JSON schemas with `additionalProperties: false` started failing yesterday. Did you change the validator?,github,2026-05-30
63,Charged for 47k tokens of output that was just the agent trying the same wrong fix five times. Refund please.,in-app,2026-05-29
64,SSO is down. We're a paying customer. Please status page this — your green dashboard is wrong.,twitter,2026-05-31
65,Composer hallucinated a Postgres function called auth.uid_or_default() that doesn't exist in our schema or in Supabase.,discord,2026-06-01
66,"Are you hiring engineers? Senior backend, 10 years experience.",email,2026-05-30
67,please ignore — qa test,in-app,2026-05-31
68,How do I export my Composer history?,in-app,2026-05-30
69,What's the cheapest plan with SSO?,email,2026-05-31
70,Could we get a public API to programmatically run Composer in CI?,github,2026-05-30
71,Unsubscribe me from your marketing emails. I never opted in to this list.,email,2026-05-29
72,Native Slack thread integration for support escalation? We use Plain.,discord,2026-05-31
73,Asked it to write `DELETE FROM users WHERE test_account = true` against my own test DB and got 'I can't help with that.',discord,2026-05-28
74,Won't help me write a CSV export of my own user table for compliance. This is absurd.,in-app,2026-05-30
75,Multi-cursor mode in the editor inside Helix?,discord,2026-05-31
76,Helix hallucinated an import AND my Stripe invoice doubled this morning. Compound bad day.,email,2026-05-31
77,O agente acabou de deletar minha pasta de migrations sem perguntar. Preciso de ajuda urgente.,in-app,2026-05-31
78,Did you ship a model change overnight? My usual workflow is suddenly bad.,discord,2026-05-31
79,Helix > Cursor for our stack. Thank you for the Convex support.,discord,2026-05-31
80,How do I check which model I'm currently on?,in-app,2026-05-31
81,"Helix was great on Friday, now it's lobotomized. What changed? Roll back please.",discord,2026-05-31
82,Nonprofit pricing? We're a 501c3 with 12 developers.,email,2026-05-30
83,Bolt's diff quality is better than yours this week. Cancelling team plan.,in-app,2026-05-30
84,My team is over our Helix budget by 4x and we shipped less than usual. The math doesn't math.,in-app,2026-05-31
85,Agent went rogue and ran `npm uninstall` on 14 packages it 'didn't need' — but we DO need them in production.,discord,2026-05-29
86,Love Helix's approach to multi-file edits. Keep going.,twitter,2026-05-31
87,Got billed double on plan change. Card statement attached. Refund the duplicate please.,email,2026-05-30
88,Okta admin here. SAML cert hasn't changed. Helix side keeps rejecting the assertion. Help.,email,2026-05-31
89,The export to PDF shows blank pages on Firefox 122.,in-app,2026-05-30
90,Output quality has tanked over the last 48 hours. Are you A/B testing model versions on prod accounts?,in-app,2026-05-31
91,what does this mean? [image attached],in-app,2026-05-30
92,"Frustrated this morning. Not at you, just generally.",discord,2026-05-30
93,Posted this in #incidents because nothing else worked: how do I upgrade my plan?,discord,2026-05-30
94,Latency on Composer is brutal this week. 10-14s before the agent starts streaming. Was sub-3s before.,discord,2026-05-31
95,CFO is asking why our Helix bill doubled this month. Looks like the upgrade flow billed us twice.,email,2026-05-31
96,"Asking the agent to fix a typo cost me 12,000 input tokens (it re-read the whole repo). This needs a cap.",discord,2026-05-30
97,"Agent ran a tear-down script in our staging environment without asking. AWS bill went weird, took an hour to recover.",github,2026-05-30
98,Helix wrote a 200-line refactor calling `redis.acquireDistributedLock` which is NOT in ioredis. Where did it get this?,github,2026-06-01
99,It made up an entire Next.js API: `headers().setRequestId(...)`. Pure hallucination.,github,2026-05-29
100,Some emojis (regional indicators) don't render in chat history.,discord,2026-05-31
101,Upgraded from Team to Business yesterday and got charged twice. Stripe shows two charges.,email,2026-05-30
102,this is broken [image],discord,2026-05-31
103,Cannot live without this in my workflow now.,reddit,2026-05-31
104,"If Helix doesn't fix the regression by Friday, our team is going back to Copilot.",in-app,2026-05-31
105,Devin shipped a real PR for us yesterday. You're behind. Cancelling.,twitter,2026-05-31
106,Helix refuses to write the bcrypt comparison in my login route 'for safety'. Bcrypt comparisons are the safe path.,github,2026-05-29
107,Helix generated code that imports from `next/edge-functions` (doesn't exist) and `@auth/server-only` (doesn't exist).,github,2026-06-01
108,Trying Cursor instead — Helix has been worse for our stack lately.,discord,2026-05-31
109,"5 stars. Onboarding was smooth, dashboard makes sense, the agent is genuinely useful.",in-app,2026-05-30
110,@helixai your model regressed. The diff quality is dramatically worse this week. Status page is green though.,twitter,2026-05-31
111,Mobile gestures (swipe to archive) trigger on accidental touches.,in-app,2026-05-29
112,Helix asserted that React Server Components support `useState`. They don't. Lost an afternoon debugging.,reddit,2026-06-01
113,Native Linux desktop app? Web works but a wrapper would help.,reddit,2026-05-30
114,Can I add seats mid-cycle and get prorated?,in-app,2026-05-30
115,The agent invented a `useFireMutation` hook and committed it across 4 files before I caught it.,discord,2026-05-30
116,Reach me at +44 20 7946 0958 to refund the double charge. I have screenshots.,email,2026-05-31
117,see attached [screenshot.png],in-app,2026-05-30
118,How do I revoke a personal access token?,in-app,2026-05-30
119,Helix is broken — actually it's Supabase having auth issues for the third time this month.,discord,2026-05-31
120,"Why am I billed full price when the agent retries its own bad output? That's your bug, not my usage.",discord,2026-05-31
121,Our entire production agent fleet is failing tool calls today. Have not changed anything on our side in two weeks.,in-app,2026-06-01
122,Over-refusal is killing my workflow. Yesterday it refused to help me write rate-limit middleware.,reddit,2026-05-30
123,Recommending Helix to every dev I know. Great work team.,twitter,2026-05-31
124,API rate-limit headers are inconsistent between endpoints.,github,2026-05-29
125,Helix re-invented column names I gave it at the start of the session. Pretty critical loss of context.,in-app,2026-05-30
126,More verbose explanations option for educational use — we're using Helix in a bootcamp.,in-app,2026-05-30
127,My env says OPENAI_API_KEY=sk-proj-abc123def456ghi789jkl012mno345 and the agent refuses to read from it — is this leaking?,in-app,2026-05-31
128,Helix está alucinando funciones que no existen en nuestra base de código. Por favor revisar.,in-app,2026-05-30
129,Where do I change notification settings?,in-app,2026-05-31
130,Cold starts seem to happen every 30s of inactivity now. The agent feels broken even when it's working.,in-app,2026-06-01
131,Login then SSO provider then Helix dashboard for 0.3s then bounced back to login. Forever.,in-app,2026-05-31
132,Helix overwrote my custom webpack config with a generic one. No diff prompt. Have to dig through git reflog now.,in-app,2026-05-31
133,Annual billing discount? We'd commit to 18 months.,email,2026-05-31
134,Helix won't help me delete a row from my own dev database. Three turns of pushback. Cursor wouldn't do this.,discord,2026-05-29
135,Tooltips overflow the screen on the right edge in 1080p.,in-app,2026-05-31
136,Helix ran `git reset --hard HEAD~5` without asking. Lost a half-day of work that wasn't pushed.,discord,2026-05-31
137,Just shipped a feature in 2 hours that would have taken a day. Love this product.,twitter,2026-05-31
138,Will Helix ever support multi-repo workspaces? Our monorepo is rejected.,discord,2026-05-31
139,Best AI dev tool I've used. Sticking with you.,reddit,2026-05-29
140,My .env contains POSTGRES_API_KEY='abcdef123456' — agent refuses to use it. Should I be worried it saw it?,in-app,2026-05-31
141,The agent invented a Prisma method `.upsertManyOrCreate()`. We've been trying to find docs for it for an hour.,in-app,2026-05-31
142,Composer just did `git push --force` to main without asking. Erased two teammate commits. Please add a guardrail.,in-app,2026-05-30
143,Could you add Mandarin to the prompt-language list?,in-app,2026-05-29
144,"Helix has saved my team so much time, thank you for building it.",twitter,2026-05-30
145,Two issues: SSO is broken AND I got charged for a hallucination loop. Help me?,in-app,2026-05-31
146,Agent is confidently citing functions from a library version we don't even have installed.,discord,2026-05-30
147,@helixai a hallucination loop cost me $18 in one sitting. Need a cap I can set per task.,twitter,2026-05-31
148,Helix takes 9-15s to start responding. Yesterday it was instant. Network is fine on my end (eu-west).,discord,2026-05-31
149,Automatic reply: I am out of office until Tuesday June 8. For urgent matters please contact ops@example.com.,email,2026-05-31
150,Helix burned through 80k output tokens on a 60-line file. Most of it was the agent arguing with itself.,discord,2026-05-30
151,Native Jira sync would be huge. Currently doing it through Zapier.,in-app,2026-05-31
152,Could the agent suggest tests proactively after a non-trivial diff?,discord,2026-05-30
153,Cost dashboard shows $42 in one prompt because the agent went in circles. Are you going to make this right?,in-app,2026-05-31
154,can someone help? [image attached],in-app,2026-05-31
155,Auto-mode on Composer is dangerously expensive. Spent $35 in 20 minutes today. Add a per-task budget please.,discord,2026-05-31
156,A model marketplace where I can pick from a list per task?,reddit,2026-05-31
157,Lovable shipped a working version of this in one shot. Cancelling sorry.,in-app,2026-05-31
158,Whatever changed Friday night needs to be reverted. The agent is noticeably worse at our react codebase.,in-app,2026-05-31
159,How do I share a chat with a non-member?,in-app,2026-05-30
160,Search doesn't find archived chats.,in-app,2026-05-31
161,It cited a Stripe webhook event `invoice.recovery.failed` that does not exist in their API.,in-app,2026-05-30
162,Agent ignored my CLAUDE.md after about turn 8. Generated code that uses libraries we banned in there.,discord,2026-05-31
163,Composer first-token latency went from sub-3s to ~10s overnight. The fluency improvement isn't worth it.,discord,2026-06-01
164,"Two of our six custom tools stopped getting invoked. Same prompt, same schema. Started Saturday.",github,2026-05-31
165,@helixai SSO redirect loop for everyone on our team. Burning hours on this today.,twitter,2026-05-31
166,Ugh.,in-app,2026-05-31
167,Gantt-style view for tracking Composer's long-running tasks?,in-app,2026-05-31
168,"Out of office, returning Wednesday. Please email teammate@acme.com in the meantime.",email,2026-05-31
169,How many tokens does the Pro plan actually include?,in-app,2026-05-31
170,Please add Convex / Drizzle as first-class integrations.,github,2026-05-31
171,Reaching out via support because Discord moderation is slow: feature request for a Linux build.,in-app,2026-05-31
172,"SAML auth via Azure AD just stopped working. Two PMs locked out, exec demo at 2pm. Help.",email,2026-05-31
173,"Profile picture doesn't upload, but only on Safari iOS 18.",in-app,2026-05-31
174,"Multiple things broken today: dark mode flicker on the diff view, comments missing, agent refused a valid task.",in-app,2026-05-30
175,Agent dropped my prisma migration directory because it 'looked obsolete'. We had unmerged migrations in there.,github,2026-05-29
176,Agent invented a configuration key `tailwind.darkVariants.modal` and added it to our config. App broke.,discord,2026-05-31
177,Where can I see token usage by repo?,in-app,2026-05-31
178,First-token latency tripled on the Pro plan. Cancelled the Team upgrade I was about to do until this is fixed.,in-app,2026-05-31
179,Long sessions are unusable. Agent forgets early-session decisions and contradicts itself in late-session edits.,in-app,2026-05-31
180,Anybody else stuck in the Helix SSO loop today? My whole team can't get in.,twitter,2026-05-31
181,Activity timeline missed an event when I created a card via API.,github,2026-05-30
182,'I can't generate code that handles sensitive data.' It's a TODO app. The 'sensitive data' is a string.,reddit,2026-05-30
183,Plan upgrade billed me for both the old AND the new plan. Shouldn't it prorate?,in-app,2026-05-31
184,Support team responded super fast yesterday. Appreciated.,email,2026-05-31
185,Email digest comes at 3am for me. Where do I configure that?,in-app,2026-05-30
186,@helixai DELETED MY LOCK FILE. The agent should not be able to touch package-lock.json without permission.,twitter,2026-05-30
187,Composer keeps losing the context of the project conventions doc I pinned. Wrote it in the wrong style for the 4th time.,discord,2026-05-30
188,@helixai keeps fabricating tailwind classes. `text-display-3xl` isn't in our config and isn't a default.,twitter,2026-05-30
189,asdf,in-app,2026-05-31
190,Where do I configure org-wide rules?,in-app,2026-05-31
191,"SSO locked us out AND when I worked around it via PAT, Composer was clearly worse than yesterday. Bad timing.",discord,2026-05-31
192,My coffee betrayed me before I logged in. Don't blame the agent today.,in-app,2026-05-31
193,Helix keeps calling supabase.auth.signInWithMagicLink2() which doesn't exist. Third time this morning.,discord,2026-05-31
194,"Composer quality has crashed since this weekend. Same prompts that worked are getting wrong, confidently-wrong answers.",in-app,2026-06-01
195,anyone seen this before? [screenshot],discord,2026-05-31
196,Notion-style backlinks inside the chat history would help with long sessions.,discord,2026-05-31
197,Workspace SSO is broken. Email updates to pm-ops@acmecorp.com please.,email,2026-05-31
198,Whole team locked out of Helix today. SAML login keeps looping back. Tickets piling up.,email,2026-05-31
199,The new diff view is so much better than before.,discord,2026-05-31
200,Will the price stay the same if I downgrade and re-upgrade?,in-app,2026-05-30
201,It DELETED my .env.local file. I literally watched it happen. There was no confirmation.,in-app,2026-05-30
202,Filing as a bug because I can't find sales contact: need an enterprise quote.,github,2026-05-30
203,"Trying Claude Code direct, skipping Helix. The middleman is hurting more than helping.",discord,2026-05-31
204,Comments disappeared. Then I refreshed and got the SSO redirect loop. Then I gave up.,in-app,2026-05-31
205,test test,in-app,2026-05-31
206,Card title truncation cuts off useful info. Show a tooltip on hover?,in-app,2026-05-31
207,Helix ran rm -rf node_modules AND my src/components folder during a 'cleanup'. No confirm prompt. Lost work.,discord,2026-05-29
208,Audit log doesn't capture role changes for service accounts.,in-app,2026-05-31
209,Workspace member badges show 'inactive' for users who logged in yesterday.,in-app,2026-05-31
210,Session length matters: anything past 10-12 turns loses earlier context. The conventions get dropped first.,reddit,2026-05-30
211,"The agent literally typed `import type { ServerActionContext } from 'react'` — confident, wrong, broke my build.",github,2026-06-01
212,Token attached for debugging: Authorization: Bearer eyJhbGciOiJIUzI1NiIsInR5cCI6IkpXVCJ9.eyJzdWIiOiIxMjM0NTY3ODkwIn0.signature — can you trace?,in-app,2026-05-30
213,Markdown in the activity feed would be nice.,in-app,2026-05-29
214,alice.cohen@octane.io cannot log in via SSO and has an exec demo at 2pm. Please look ASAP.,email,2026-05-31
215,I clicked upgrade ONCE. Got two charges. Stripe shows them 4 seconds apart. Idempotency key missing?,email,2026-05-30
216,It's fabricating Shadcn components again. `<Combobox.Async>` doesn't exist.,discord,2026-05-31
217,Two-thirds of our 80-person eng org cannot log in today. SSO is in a redirect loop.,in-app,2026-05-31
218,Notification of delivery failure: 550 5.1.1 The email account that you tried to reach does not exist.,email,2026-05-30
219,"Loses the project rules halfway through. Now I have to re-paste them every 6 messages, which negates the point.",discord,2026-05-31
220,Right-click context menu doesn't show on touchpad two-finger taps.,in-app,2026-05-30
221,Member directory pagination skips the last page sometimes.,in-app,2026-05-30
222,Got the same Stripe charge twice when I added 5 seats. Webhook fired twice on your end?,in-app,2026-05-30
223,My agent's tools all stopped firing after the Helix update. The function signatures didn't change.,discord,2026-05-31
224,Composer beendet sich mit einem Fehler wenn ich grosse Dateien hochlade. Reproduzierbar.,discord,2026-05-30
225,Could you confirm the per-seat enterprise rate? Sales hasn't responded.,email,2026-05-31
226,This app paid for itself the first week we used it.,in-app,2026-05-30
227,"It wrote `await ctx.runMutation(api.notes.create, ...)` but our Convex schema has no `notes` module. It invented one.",discord,2026-05-31
228,Could you add support for our self-hosted Gitea?,github,2026-05-31
229,Is there a free tier for open-source maintainers?,discord,2026-05-30
230,Did you swap us to a smaller model on the Pro tier? Quality drop is too sudden to be anything else.,reddit,2026-06-01
231,"Vacation responder: away until Monday, will reply on return.",email,2026-05-31
232,First token took 14s today. Was 2s last week. Status page is green. What's happening?,discord,2026-05-31
233,Asked for a script to bulk-archive my own customer records (per GDPR). Got refused 4 times before I gave up.,in-app,2026-05-28
234,"Why is Helix broken — oh, looks like Vercel is having an outage. Please ignore.",twitter,2026-05-30
235,Following up on my last email — any update on the demo?,email,2026-05-31
236,Composer just imported `@vercel/kv-edge` — that's not a package.,discord,2026-05-31
237,Composer tool calls are returning empty payloads on tools that used to work. Reproduces 100% of the time.,discord,2026-06-01
238,I miss MS-DOS sometimes.,twitter,2026-05-31
239,@helixai stop hallucinating Drizzle methods. `db.select().joinLateral()` is not in any release.,twitter,2026-05-31
240,"Hi, I'm a designer interested in joining Helix. Where do I apply?",email,2026-05-31
241,Tool calls failing. Update — DNS issue on my end. False alarm.,discord,2026-05-30
242,"Same prompt, same codebase, same project. Friday: one-shot fix. Today: 4 turns of trash. What model are we on?",reddit,2026-06-01
243,SAML response valid in browser devtools but Helix invalidates the session immediately.,in-app,2026-05-30
244,Thank you for contacting us. Your ticket #29481 has been created. We will respond within 24 hours.,email,2026-05-30
245,Pay-as-you-go option without a monthly minimum?,in-app,2026-05-30
246,Switched my whole team from a competitor. So far so good.,in-app,2026-05-30
247,In dark mode the green text color is too low contrast against the background.,in-app,2026-05-31
248,"My deploys are failing. Is it Helix? Oh — Stripe webhook is down, blocking our checkout. Sorry.",discord,2026-05-31
249,Auto-response: I no longer work at this company. Please contact ops@former-employer.io.,email,2026-05-30
250,Webhook payloads are missing the user_id field after the v3 update.,github,2026-05-30
251,"Student discount available? CS grad student, I'd love to use Helix on my thesis project.",email,2026-05-30
252,Notre intégration SSO via Azure AD est cassée depuis ce matin. Plus de cinquante développeurs bloqués.,email,2026-05-31
253,Update: still locked out via SSO. Our IT lead messaged your team yesterday with no response.,email,2026-05-31
254,Support for org-wide style guides that override personal preferences?,in-app,2026-05-31
255,"Saw your team at AI Engineer Summit last week, great talk!",twitter,2026-05-30
256,Composer's planning step has regressed badly. It used to outline 5 steps and execute. Now it skips ahead and breaks things.,discord,2026-06-01
257,"[Wrong channel, sorry] partnership pitch — we sell hosting and want to discuss bundling.",in-app,2026-05-31
258,My API bill tripled this month and I wrote less code. The agent burns tokens on retries that should be free to me.,discord,2026-05-30
259,Yesterday's Helix wrote clean refactors. Today's makes the same change worse three times in a row. Regression.,in-app,2026-06-01
260,"Big fan, please keep iterating. The pace of improvement is impressive.",reddit,2026-05-31
261,"A 'plan only, don't execute' mode by default would be useful for risky changes.",discord,2026-05-30
262,"Pasted my schema, six turns later the agent invented brand-new column names and rewrote my queries against them.",discord,2026-05-30
263,"My GitHub Actions runs are failing on Helix steps. Update: GitHub is down, never mind.",github,2026-05-31
264,Helix went from snappy to 8s-to-first-token over the past two days. Did you change something?,in-app,2026-06-01
265,Composer ran `docker system prune -a -f` on its own. Took down our local dev environment. Need confirmation gates.,in-app,2026-05-31
266,Helix ran a destructive DB migration in dev WITHOUT prompting. Lost an afternoon of test data.,discord,2026-05-30
267,The agent decided to 'reorganize' my repo and moved 40 files into new directories. PRs are now uninspectable.,discord,2026-05-30
268,"El agente no respeta nuestras convenciones internas, sigue cambiando los nombres de las columnas.",discord,2026-05-31
269,Helix forgot the test framework I told it about and wrote Jest while we use Vitest. Three turns earlier I had told it.,in-app,2026-05-31
270,Onboarded my whole startup this week. Smooth experience.,twitter,2026-05-30
271,"Helix is down — wait, it's actually AWS us-east-1, never mind.",twitter,2026-05-31
272,Posting just to vent. Carry on.,discord,2026-05-30
273,"Over-refusal is getting worse. Won't help with anything touching auth, payments, or data deletion — even in MY repo.",discord,2026-05-29
274,"Honestly bad week: comments disappearing, model is worse, my bill is up. Are y'all OK?",in-app,2026-06-01
275,Cannot connect. Status page says 'all systems operational' but I'm getting 503. Update — it's Cloudflare.,in-app,2026-05-31
276,Did you switch us from Sonnet 4.6 to 4.7 silently? Schema strictness changed and our integration broke.,in-app,2026-05-31
277,"Replit Agent is doing what I wanted Helix to do, for half the price. Pausing my sub.",reddit,2026-05-30
278,Helix used to accept `oneOf` in tool params. Now it rejects with 'unsupported schema feature'. When did this change?,github,2026-05-31
279,.,in-app,2026-05-30
280,Helix refused to help me write a webscraper for my own website. I OWN the site.,discord,2026-05-29
281,Token bill went from $80/mo to $340 this week with no workflow change. Looking at the logs it's all loops.,in-app,2026-05-31
282,Agent dropped a table in our staging Supabase project. 'This table appears unused.' It was not unused.,github,2026-05-30
283,After 15 turns the agent forgot we use Tailwind v4 and started writing Tailwind v3 syntax.,discord,2026-05-31
284,Where do I find my API key?,in-app,2026-05-31
285,"Hello, please reach out to discuss a partnership opportunity.",email,2026-05-31
286,Helix が今日 SSO ループでログインできません。Okta 連携が壊れています。,in-app,2026-05-31
287,is this thing on,in-app,2026-05-31
288,Do you ship swag with paid plans?,email,2026-05-31
289,"Composer is timing out for me. Oh, looks like Anthropic's API is having a moment. Carry on.",discord,2026-05-30
290,Asked for a migration; got SQL referencing a `pg_audit_log` view that doesn't exist in our DB.,in-app,2026-05-30
291,iOS app crashes on the Files tab AND the agent invented a Prisma method. Mobile + AI both rough today.,twitter,2026-05-31
292,Pagination on the API returns inconsistent counts between pages.,github,2026-05-30
293,The agent stopped using our existing utility functions and started reimplementing them inline. This is new this week.,in-app,2026-05-31
294,hi,in-app,2026-05-30
295,Notifications panel sometimes shows the same item twice.,in-app,2026-05-31
296,@helixai I am the admin. I can DELETE FROM test_users. Stop refusing.,twitter,2026-05-29
297,A Pomodoro / focus mode inside the editor would be amazing.,discord,2026-05-30
298,Spent 90 minutes debugging a 'fix' from Helix that called `fetch.withRetries()` — there's no such method.,in-app,2026-05-30
